time,source,status,content_type,size,result,note
20260729_120208,SMZDM_Search,202,text/html; charset=utf-8,209,❌,blocked by probe.js
20260729_121714,SMZDM_Search,202,text/html; charset=utf-8,209,❌,
20260729_125216,SMZDM_Search,202,text/html; charset=utf-8,209,❌,
20260729_125750,SMZDM_RSS,403,text/html; charset=utf-8,146,❌,
20260729_131327,Apple_Refurb_Mac,200,text/html;charset=utf-8,685918,❌,blocked
20260729_142339,Apple_Refurb_iPhone,404,text/html;charset=utf-8,138130,❌,blocked
20260730_035614,Apple_Refurb_iPhone,404,text/html;charset=utf-8,138138,❌,blocked
20260731_042113,Apple_Refurb_iPhone,404,text/html;charset=utf-8,138134,❌,blocked
20260801_042029,Apple_Refurb_iPhone,404,text/html;charset=utf-8,138028,❌,blocked
20260802_042235,Apple_Refurb_iPhone,404,text/html;charset=utf-8,138027,❌,blocked
20260803_042930,Apple_Refurb_iPhone,404,text/html;charset=utf-8,138020,❌,blocked
20260803_095329,Apple_Refurb_iPhone,404,text/html;charset=utf-8,137984,❌,blocked
20260804_041339,Apple_Refurb_iPhone,404,text/html;charset=utf-8,137956,❌,blocked
20260805_040834,Apple_Refurb_iPhone,404,text/html;charset=utf-8,137992,❌,blocked
20260806_041147,Apple_Refurb_iPhone,404,text/html;charset=utf-8,137950,❌,blocked
20260807_034851,Apple_Refurb_iPhone,404,text/html;charset=utf-8,137963,❌,blocked
20260808_025410,Apple_Refurb_iPhone,404,text/html;charset=utf-8,137950,❌,blocked
20260809_030105,Apple_Refurb_iPhone,404,text/html;charset=utf-8,138039,❌,blocked
20260810_031052,Apple_Refurb_iPhone,404,text/html;charset=utf-8,137998,❌,blocked
20260811_030322,Apple_Refurb_iPhone,404,text/html;charset=utf-8,137950,❌,blocked
20260812_032232,Apple_Refurb_iPhone,404,text/html;charset=utf-8,137960,❌,blocked
20260813_032549,Apple_Refurb_iPhone,404,text/html;charset=utf-8,137954,❌,blocked
20260814_032338,Apple_Refurb_iPhone,404,text/html;charset=utf-8,137954,❌,blocked
20260815_021254,Apple_Refurb_iPhone,404,text/html;charset=utf-8,137952,❌,blocked
20260816_022029,Apple_Refurb_iPhone,404,text/html;charset=utf-8,137992,❌,blocked
20260817_021900,Apple_Refurb_iPhone,404,text/html;charset=utf-8,137950,❌,blocked
20260818_021456,Apple_Refurb_iPhone,404,text/html;charset=utf-8,137954,❌,blocked
20260819_021736,Apple_Refurb_iPhone,404,text/html;charset=utf-8,137956,❌,blocked
20260820_021627,Apple_Refurb_iPhone,404,text/html;charset=utf-8,137950,❌,blocked
20260821_022238,Apple_Refurb_iPhone,404,text/html;charset=utf-8,137951,❌,blocked
20260822_021526,Apple_Refurb_iPhone,404,text/html;charset=utf-8,137954,❌,blocked
20260823_022243,Apple_Refurb_iPhone,404,text/html;charset=utf-8,137990,❌,blocked
20260824_022212,Apple_Refurb_iPhone,404,text/html;charset=utf-8,138037,❌,blocked
20260825_021728,Apple_Refurb_iPhone,404,text/html;charset=utf-8,137959,❌,blocked
20260826_022415,Apple_Refurb_iPhone,404,text/html;charset=utf-8,137956,❌,blocked
20260827_105528,Apple_Refurb_iPhone,404,text/html;charset=utf-8,137959,❌,blocked
20260828_123059,Apple_Refurb_iPhone,404,text/html;charset=utf-8,137995,❌,blocked
20260829_074036,Apple_Refurb_iPhone,404,text/html;charset=utf-8,137954,❌,blocked
20260830_061545,Apple_Refurb_iPhone,404,text/html;charset=utf-8,137995,❌,blocked
20260831_064157,Apple_Refurb_iPhone,404,text/html;charset=utf-8,137954,❌,blocked
20260901_060225,Apple_Refurb_iPhone,404,text/html;charset=utf-8,137997,❌,blocked
20260902_052818,Apple_Refurb_iPhone,404,text/html;charset=utf-8,137954,❌,blocked
20260903_052920,Apple_Refurb_iPhone,404,text/html;charset=utf-8,137957,❌,blocked
20260904_053318,Apple_Refurb_iPhone,404,text/html;charset=utf-8,137954,❌,blocked
20260905_051719,Apple_Refurb_iPhone,404,text/html;charset=utf-8,137995,❌,blocked
20260906_053206,Apple_Refurb_iPhone,404,text/html;charset=utf-8,138036,❌,blocked
20260907_054244,Apple_Refurb_iPhone,404,text/html;charset=utf-8,137959,❌,blocked
20260908_053829,Apple_Refurb_iPhone,404,text/html;charset=utf-8,137996,❌,blocked
20260909_054422,Apple_Refurb_iPhone,404,text/html;charset=utf-8,138040,❌,blocked
20260910_053829,Apple_Refurb_iPhone,404,text/html;charset=utf-8,137952,❌,blocked
20260911_053825,Apple_Refurb_iPhone,404,text/html;charset=utf-8,137952,❌,blocked
20260912_052556,Apple_Refurb_iPhone,404,text/html;charset=utf-8,137994,❌,blocked
